{"cameraMode":{"drawMode":0,"name":"Shaded","section":"Shading Mode"},"sceneLighting":false,"audioPlay":false,"sceneViewState":{"m_AlwaysRefresh":false,"showFog":true,"showSkybox":false,"showFlares":true,"showImageEffects":true,"showParticleSystems":true,"showVisualEffectGraphs":true,"m_FxEnabled":true},"in2DMode":false,"pivot":{"x":0.30450600385665896,"y":0.8537435531616211,"z":0.12107168883085251},"rotation":{"x":0.0057823071256279949,"y":-0.9931173324584961,"z":0.10286412388086319,"w":0.055778056383132938},"size":0.1820930391550064,"orthographic":false}