{"cameraMode":{"drawMode":0,"name":"Shaded","section":"Shading Mode"},"sceneLighting":false,"audioPlay":false,"sceneViewState":{"m_AlwaysRefresh":false,"showFog":true,"showSkybox":false,"showFlares":true,"showImageEffects":true,"showParticleSystems":true,"showVisualEffectGraphs":true,"m_FxEnabled":true},"in2DMode":false,"pivot":{"x":0.07860073447227478,"y":0.29943543672561648,"z":-0.12526799738407136},"rotation":{"x":-0.34020137786865237,"y":0.649454653263092,"z":-0.4041058421134949,"w":-0.5470029711723328},"size":0.5687573552131653,"orthographic":false}