{"cameraMode":{"drawMode":0,"name":"Shaded","section":"Shading Mode"},"sceneLighting":false,"audioPlay":false,"sceneViewState":{"m_AlwaysRefresh":false,"showFog":true,"showSkybox":false,"showFlares":true,"showImageEffects":true,"showParticleSystems":true,"showVisualEffectGraphs":true,"m_FxEnabled":true},"in2DMode":false,"pivot":{"x":0.00003653764724731445,"y":0.8436421751976013,"z":0.021346889436244966},"rotation":{"x":0.03832271695137024,"y":-0.9584795236587524,"z":0.2357839047908783,"w":0.15576574206352235},"size":1.328495979309082,"orthographic":false}