{"cameraMode":{"drawMode":0,"name":"Shaded","section":"Shading Mode"},"sceneLighting":false,"audioPlay":false,"sceneViewState":{"m_AlwaysRefresh":false,"showFog":true,"showSkybox":false,"showFlares":true,"showImageEffects":true,"showParticleSystems":true,"showVisualEffectGraphs":true,"m_FxEnabled":true},"in2DMode":false,"pivot":{"x":0.7357940077781677,"y":1.0269252061843873,"z":0.6118088364601135},"rotation":{"x":-0.23537485301494599,"y":0.18466779589653016,"z":-0.04560340195894241,"w":-0.9531099200248718},"size":0.4962325990200043,"orthographic":false}