{"cameraMode":{"drawMode":0,"name":"Shaded","section":"Shading Mode"},"sceneLighting":false,"audioPlay":false,"sceneViewState":{"m_AlwaysRefresh":false,"showFog":false,"showSkybox":false,"showFlares":false,"showImageEffects":false,"showParticleSystems":false,"showVisualEffectGraphs":true,"m_FxEnabled":true},"in2DMode":false,"pivot":{"x":-0.05553555488586426,"y":0.8991521596908569,"z":0.013605356216430664},"rotation":{"x":0.006362913176417351,"y":-0.9932201504707336,"z":0.09535153210163117,"w":0.0662522241473198},"size":0.8281936049461365,"orthographic":false}