{"cameraMode":{"drawMode":0,"name":"Shaded","section":"Shading Mode"},"sceneLighting":false,"audioPlay":false,"sceneViewState":{"m_AlwaysRefresh":false,"showFog":true,"showSkybox":false,"showFlares":true,"showImageEffects":true,"showParticleSystems":true,"showVisualEffectGraphs":true,"m_FxEnabled":true},"in2DMode":false,"pivot":{"x":1.632820963859558,"y":0.49283599853515627,"z":-3.0534989833831789},"rotation":{"x":-0.02577623724937439,"y":-0.9715256094932556,"z":0.12574058771133424,"w":-0.1991574466228485},"size":3.8525099754333498,"orthographic":false}