{"cameraMode":{"drawMode":0,"name":"Shaded","section":"Shading Mode"},"sceneLighting":false,"audioPlay":false,"sceneViewState":{"m_AlwaysRefresh":false,"showFog":true,"showSkybox":false,"showFlares":true,"showImageEffects":true,"showParticleSystems":true,"showVisualEffectGraphs":true,"m_FxEnabled":true},"in2DMode":false,"pivot":{"x":0.00003653764724731445,"y":0.8436421751976013,"z":0.021346889436244966},"rotation":{"x":-0.0007934942841529846,"y":-0.9860621690750122,"z":-0.004724652040749788,"w":0.16632816195487977},"size":1.328495979309082,"orthographic":false}